City_ID,City,Country,Date,Lat,Lng,Max Temp,Humidity,Cloudiness,Wind Speed
0,Ushuaia,AR,2022-12-18 20:31:45,-54.8,-68.3,53.26,50,75,10.36
1,Noyabrsk,RU,2022-12-18 20:36:00,63.1994,75.4507,1.33,95,10,10.0
2,Castro,BR,2022-12-18 20:36:00,-24.7911,-50.0119,63.25,86,100,9.35
3,Tarko-Sale,RU,2022-12-18 20:32:07,64.9225,77.785,-4.04,100,95,2.19
4,Ixtapa,MX,2022-12-18 20:36:01,20.7,-105.2,78.03,61,75,4.0
5,Vaini,TO,2022-12-18 20:36:01,-21.2,-175.2,82.56,78,20,5.75
6,Frecatei,RO,2022-12-18 20:36:02,45.1,28.6667,29.88,64,75,14.0
7,Rikitea,PF,2022-12-18 20:36:02,-23.1203,-134.9692,77.31,81,100,14.43
8,Tual,ID,2022-12-18 20:36:03,-5.6667,132.75,83.05,76,100,14.14
9,Svetlyy,RU,2022-12-18 20:36:03,54.675,20.1347,21.25,84,16,15.88
10,Bluff,NZ,2022-12-18 20:36:04,-46.6,168.3333,54.36,75,71,7.36
11,Cape Town,ZA,2022-12-18 20:36:04,-33.9258,18.4232,71.38,67,20,17.0
12,Naze,JP,2022-12-18 20:36:05,28.3667,129.4833,50.92,66,97,13.56
13,Chuy,UY,2022-12-18 20:36:05,-33.6971,-53.4616,70.12,63,28,15.5
14,Barrow,US,2022-12-18 20:36:06,71.2906,-156.7887,1.42,78,75,8.05
15,Albany,US,2022-12-18 20:34:33,42.6001,-73.9662,33.64,68,70,5.99
16,Barranca,PE,2022-12-18 20:36:06,-10.75,-77.7667,72.21,71,100,8.39
17,Erenhot,CN,2022-12-18 20:36:07,43.6475,111.9767,6.62,79,3,4.23
18,Busselton,AU,2022-12-18 20:36:07,-33.65,115.3333,62.82,70,0,10.89
19,Qaanaaq,GL,2022-12-18 20:36:07,77.484,-69.3632,19.47,88,100,9.66
20,Ponta Do Sol,PT,2022-12-18 20:36:08,32.6667,-17.1,70.0,85,99,9.37
21,Carnarvon,AU,2022-12-18 20:36:08,-24.8667,113.6333,75.74,60,6,8.66
22,Dumas,US,2022-12-18 20:36:08,35.8656,-101.9732,46.54,36,0,16.11
23,Atuona,PF,2022-12-18 20:36:09,-9.8,-139.0333,78.39,75,77,18.81
24,Salalah,OM,2022-12-18 20:32:50,17.0151,54.0924,82.49,34,0,17.27
25,Campbell River,CA,2022-12-18 20:35:27,50.0163,-125.2446,27.93,54,40,11.5
26,Acajutla,SV,2022-12-18 20:36:10,13.5928,-89.8275,83.86,63,62,7.0
27,Narsaq,GL,2022-12-18 20:36:10,60.9167,-46.05,14.22,61,12,8.72
28,Bredasdorp,ZA,2022-12-18 20:36:11,-34.5322,20.0403,65.88,72,60,5.48
29,Saskylakh,RU,2022-12-18 20:36:12,71.9167,114.0833,-46.39,100,64,1.68
30,Shenkursk,RU,2022-12-18 20:36:12,62.1091,42.896,-6.92,100,100,1.7
31,Graham,US,2022-12-18 20:36:12,47.0529,-122.2943,40.77,91,75,12.66
32,Kodiak,US,2022-12-18 20:31:13,57.79,-152.4072,33.31,86,100,6.91
33,Port Alfred,ZA,2022-12-18 20:36:13,-33.5906,26.891,62.19,92,12,4.52
34,Saint George,US,2022-12-18 20:32:05,37.1041,-113.5841,50.63,32,0,4.61
35,Mnogovershinnyy,RU,2022-12-18 20:36:15,53.9353,139.9242,-10.07,95,98,6.71
36,Pisco,PE,2022-12-18 20:36:15,-13.7,-76.2167,77.05,65,0,9.22
37,Sitka,US,2022-12-18 20:36:16,57.0531,-135.33,22.89,36,40,5.75
38,Bilma,NE,2022-12-18 20:36:16,18.6853,12.9164,71.33,19,99,7.0
39,Punta Arenas,CL,2022-12-18 20:35:29,-53.15,-70.9167,59.11,41,40,20.71
40,Tahta,EG,2022-12-18 20:36:17,26.7693,31.5021,66.27,36,0,6.2
41,Maniitsoq,GL,2022-12-18 20:36:17,65.4167,-52.9,22.33,53,34,5.01
42,Buraydah,SA,2022-12-18 20:37:18,26.326,43.975,57.65,48,0,6.8
43,La Ronge,CA,2022-12-18 20:37:19,55.1001,-105.2842,-12.75,70,75,10.36
44,Kirakira,SB,2022-12-18 20:37:19,-10.4544,161.9205,83.35,71,16,5.21
45,Arraial Do Cabo,BR,2022-12-18 20:37:20,-22.9661,-42.0278,76.86,73,75,16.11
46,Mandera,KE,2022-12-18 20:37:20,3.9366,41.867,81.3,30,55,8.34
47,Saldanha,ZA,2022-12-18 20:37:21,-33.0117,17.9442,64.45,84,0,21.61
48,Samarai,PG,2022-12-18 20:37:21,-10.6167,150.6667,82.47,78,99,11.16
49,Kruisfontein,ZA,2022-12-18 20:37:22,-34.0033,24.7314,64.89,79,53,2.28
50,Georgetown,MY,2022-12-18 20:33:47,5.4112,100.3354,80.24,84,40,8.05
51,Dikson,RU,2022-12-18 20:37:22,73.5069,80.5464,5.45,86,100,4.25
52,Limbang,MY,2022-12-18 20:37:23,4.75,115.0,75.31,98,100,1.68
53,Grand Gaube,MU,2022-12-18 20:37:23,-20.0064,57.6608,77.4,69,78,5.99
54,New Norfolk,AU,2022-12-18 20:37:23,-42.7826,147.0587,50.92,67,2,0.54
55,Charters Towers,AU,2022-12-18 20:37:24,-20.1,146.2667,73.0,69,93,15.21
56,Upernavik,GL,2022-12-18 20:37:24,72.7868,-56.1549,24.66,60,100,5.61
57,Mataura,NZ,2022-12-18 20:37:24,-46.1927,168.8643,56.16,70,82,2.08
58,Cidreira,BR,2022-12-18 20:37:25,-30.1811,-50.2056,70.41,75,99,20.98
59,Airai,TL,2022-12-18 20:37:25,-8.9266,125.4092,58.75,90,95,1.28
60,San Isidro,PE,2022-12-18 20:37:26,-12.1167,-77.05,74.79,69,20,16.11
61,Kenai,US,2022-12-18 20:37:26,60.5544,-151.2583,12.15,85,0,3.44
62,Kaitangata,NZ,2022-12-18 20:37:27,-46.2817,169.8464,56.79,67,64,5.1
63,Yellowknife,CA,2022-12-18 20:37:01,62.456,-114.3525,-19.68,76,100,4.61
64,Kapaa,US,2022-12-18 20:37:27,22.0752,-159.319,70.12,88,75,5.75
65,Sorland,NO,2022-12-18 20:37:28,67.667,12.6934,35.46,87,100,17.0
66,Saint Anthony,US,2022-12-18 20:37:28,45.0205,-93.218,11.25,73,0,10.36
67,Stettler,CA,2022-12-18 20:37:28,52.3168,-112.7186,-7.26,92,100,8.05
68,Vigrestad,NO,2022-12-18 20:37:29,58.5667,5.7,40.59,77,98,22.39
69,San Carlos De Bariloche,AR,2022-12-18 20:37:29,-41.1456,-71.3082,73.15,16,0,19.57
70,Puerto Ayora,EC,2022-12-18 20:37:29,-0.7393,-90.3518,78.76,88,56,8.01
71,Nikolskoye,RU,2022-12-18 20:37:30,59.7035,30.7861,26.49,93,100,9.78
72,Makakilo City,US,2022-12-18 20:37:30,21.3469,-158.0858,68.32,91,100,8.05
73,Mikhaylovka,RU,2022-12-18 20:37:31,50.06,43.2379,34.79,81,100,11.72
74,Talcher,IN,2022-12-18 20:37:31,20.95,85.2167,56.48,46,53,0.74
75,Avarua,CK,2022-12-18 20:37:31,-21.2078,-159.775,80.65,89,100,10.36
76,Caravelas,BR,2022-12-18 20:37:32,-17.7125,-39.2481,76.24,87,100,6.62
77,Outlook,CA,2022-12-18 20:37:32,51.5001,-107.0513,-0.13,94,100,8.61
78,Carroll,US,2022-12-18 20:37:33,39.5501,-77.0164,39.11,51,98,8.99
79,Hithadhoo,MV,2022-12-18 20:37:33,-0.6,73.0833,81.0,73,54,8.99
80,Udachnyy,RU,2022-12-18 20:37:33,66.4167,112.4,-40.32,100,74,1.48
81,Marquette,US,2022-12-18 20:37:34,46.5333,-87.6335,22.82,79,100,11.03
82,Butaritari,KI,2022-12-18 20:37:34,3.0707,172.7902,81.82,78,13,15.95
83,Ocos,GT,2022-12-18 20:37:34,14.5094,-92.1933,87.98,69,0,6.22
84,Khatanga,RU,2022-12-18 20:37:35,71.9667,102.5,-37.91,100,44,4.74
85,Lompoc,US,2022-12-18 20:37:35,34.6391,-120.4579,66.02,47,0,6.91
86,Nakonde,ZM,2022-12-18 20:37:36,-9.3421,32.745,60.51,94,100,2.04
87,Lebu,CL,2022-12-18 20:37:36,-37.6167,-73.65,61.2,71,51,14.25
88,Burnie,AU,2022-12-18 20:37:36,-41.0667,145.9167,57.94,71,0,2.19
89,Constitucion,CL,2022-12-18 20:38:37,-35.3333,-72.4167,64.58,67,19,16.26
90,Vagur,FO,2022-12-18 20:38:37,61.4732,-6.8119,42.4,86,100,37.07
91,Dalvik,IS,2022-12-18 20:38:38,65.9702,-18.5286,6.73,90,100,10.8
92,Kavaratti,IN,2022-12-18 20:38:38,10.5669,72.642,81.54,73,7,7.34
93,Ribeira Grande,PT,2022-12-18 20:38:38,38.5167,-28.7,63.0,82,40,27.63
94,Thompson,CA,2022-12-18 20:38:39,55.7435,-97.8558,-11.04,70,100,8.05
95,Anadyr,RU,2022-12-18 20:38:39,64.75,177.4833,28.9,80,100,35.79
96,Owando,CG,2022-12-18 20:38:39,-0.4819,15.8999,72.61,85,81,2.33
97,Cascais,PT,2022-12-18 20:38:40,38.6979,-9.4215,63.52,95,100,17.0
98,Porto Novo,BJ,2022-12-18 20:38:40,6.4965,2.6036,82.22,80,44,5.99
99,Pevek,RU,2022-12-18 20:38:40,69.7008,170.3133,25.84,62,95,12.35
100,Manta,EC,2022-12-18 20:38:41,-0.95,-80.7333,76.69,73,100,8.55
101,Launceston,AU,2022-12-18 20:38:41,-41.45,147.1667,52.61,83,2,12.66
102,Lavrentiya,RU,2022-12-18 20:38:42,65.5833,-171.0,11.89,79,20,8.14
103,Hermanus,ZA,2022-12-18 20:38:42,-34.4187,19.2345,67.8,77,99,11.07
104,Beisfjord,NO,2022-12-18 20:38:43,68.3751,17.5988,28.45,84,100,6.46
105,Agirish,RU,2022-12-18 20:38:43,61.9247,63.0231,10.65,94,100,6.44
106,Beyneu,KZ,2022-12-18 20:38:43,45.3167,55.2,33.22,49,0,12.01
107,Yamada,JP,2022-12-18 20:38:44,39.4667,141.95,25.45,68,9,5.5
108,Quatre Cocos,MU,2022-12-18 20:38:44,-20.2078,57.7625,77.11,78,72,14.43
109,Solnechnyy,RU,2022-12-18 20:38:44,50.7214,136.6319,-10.17,97,100,5.55
110,Katsuura,JP,2022-12-18 20:38:45,35.1333,140.3,41.43,61,8,17.25
111,Aba,NG,2022-12-18 20:38:45,5.1066,7.3667,78.04,79,39,6.44
112,Tuktoyaktuk,CA,2022-12-18 20:38:46,69.4541,-133.0374,-18.4,76,20,12.66
113,Margate,GB,2022-12-18 20:38:46,51.3813,1.3862,42.31,95,100,13.0
114,Takoradi,GH,2022-12-18 20:38:46,4.8845,-1.7554,79.9,84,7,8.32
115,Aquiraz,BR,2022-12-18 20:38:47,-3.9014,-38.3911,82.49,72,100,13.31
116,Kalabo,ZM,2022-12-18 20:38:47,-14.97,22.6814,68.86,89,100,5.06
117,Calella,ES,2022-12-18 20:38:48,41.618,2.6678,58.23,87,46,8.68
118,Cockburn Town,TC,2022-12-18 20:38:48,21.4612,-71.1419,80.56,69,40,5.75
119,Mar Del Plata,AR,2022-12-18 20:38:48,-38.0023,-57.5575,75.83,76,75,28.01
120,Clyde River,CA,2022-12-18 20:38:49,70.4692,-68.5914,14.23,79,0,4.61
121,Deniliquin,AU,2022-12-18 20:36:12,-35.5333,144.9667,63.9,45,0,12.48
122,Flinders,AU,2022-12-18 20:38:49,-34.5833,150.8552,61.18,73,95,7.0
123,Hobart,AU,2022-12-18 20:37:49,-42.8794,147.3294,51.26,90,20,9.22
124,Antalaha,MG,2022-12-18 20:38:50,-14.9003,50.2788,73.67,89,85,4.16
125,Amapa,BR,2022-12-18 20:38:50,1.0,-52.0,78.64,78,96,5.46
126,Felipe Carrillo Puerto,MX,2022-12-18 20:38:51,19.5833,-88.05,82.83,57,63,5.66
127,Kingaroy,AU,2022-12-18 20:38:51,-26.5333,151.8333,61.74,72,93,9.66
128,Ancud,CL,2022-12-18 20:38:51,-41.8697,-73.8203,60.82,59,100,6.33
129,Tasiilaq,GL,2022-12-18 20:38:52,65.6145,-37.6368,10.56,47,0,5.68
130,Leningradskiy,RU,2022-12-18 20:38:52,69.3833,178.4167,15.57,87,99,11.27
131,Suffolk,US,2022-12-18 20:38:05,40.8668,-72.7996,40.86,56,20,12.66
132,Bin Qirdan,TN,2022-12-18 20:38:53,33.1378,11.2197,63.21,71,100,13.0
133,Dera Ghazi Khan,PK,2022-12-18 20:38:53,30.0561,70.6348,59.49,26,0,2.3
134,Balikpapan,ID,2022-12-18 20:38:53,-1.2675,116.8289,76.19,88,20,4.61
135,Tambura,SS,2022-12-18 20:38:54,5.6,27.4667,82.71,28,97,3.89
136,Christchurch,NZ,2022-12-18 20:36:16,-43.5333,172.6333,61.41,93,75,1.14
137,Sao Filipe,CV,2022-12-18 20:39:54,14.8961,-24.4956,76.78,68,28,8.95
138,Norilsk,RU,2022-12-18 20:39:55,69.3535,88.2027,-7.58,97,100,2.33
139,Klaksvik,FO,2022-12-18 20:39:55,62.2266,-6.589,36.52,84,100,42.48
140,Mayo,US,2022-12-18 20:39:55,38.8876,-76.5119,42.94,49,40,17.27
141,Nemuro,JP,2022-12-18 20:39:56,43.3236,145.575,21.33,62,0,20.0
142,Port Elizabeth,ZA,2022-12-18 20:39:56,-33.918,25.5701,68.29,76,75,8.05
143,Djougou,BJ,2022-12-18 20:39:57,9.7085,1.666,77.13,20,3,5.77
144,Hilo,US,2022-12-18 20:37:57,19.7297,-155.09,83.28,69,20,4.61
145,Mareeba,AU,2022-12-18 20:39:57,-17.0,145.4333,74.44,89,34,4.68
146,Norman Wells,CA,2022-12-18 20:39:57,65.282,-126.8329,-9.36,77,100,20.71
147,Stornoway,GB,2022-12-18 20:39:58,58.2093,-6.3865,44.92,89,100,14.97
148,Abu Dhabi,AE,2022-12-18 20:39:58,24.4667,54.3667,71.96,59,0,2.3
149,Aviles,ES,2022-12-18 20:39:59,43.5547,-5.9248,63.79,51,0,4.61
150,Marawi,PH,2022-12-18 20:39:59,7.9986,124.2928,67.89,95,100,0.74
151,Iqaluit,CA,2022-12-18 20:39:59,63.7506,-68.5145,26.33,93,100,16.11
152,Saint-Philippe,RE,2022-12-18 20:40:00,-21.3585,55.7679,76.59,82,97,12.15
153,Nouadhibou,MR,2022-12-18 20:40:00,20.931,-17.0347,73.38,60,0,13.8
154,Mehamn,NO,2022-12-18 20:40:01,71.0357,27.8492,19.35,73,0,26.46
155,Khujner,IN,2022-12-18 20:40:01,23.7833,76.6,60.66,34,6,2.68
156,Vila Franca Do Campo,PT,2022-12-18 20:40:02,37.7167,-25.4333,64.2,88,100,21.65
157,Chistogorskiy,RU,2022-12-18 20:40:02,53.9835,87.3843,1.27,96,100,5.77
158,Jamestown,US,2022-12-18 20:38:07,42.097,-79.2353,27.01,67,100,19.57
159,Vanavara,RU,2022-12-18 20:40:03,60.34,102.2797,-3.12,98,100,3.89
160,Mitsamiouli,KM,2022-12-18 20:40:03,-11.3847,43.2844,80.28,82,49,11.72
161,Isangel,VU,2022-12-18 20:40:04,-19.55,169.2667,80.71,74,1,2.3
162,Hue,VN,2022-12-18 20:36:04,16.4667,107.6,60.91,94,100,4.61
163,Zyrardow,PL,2022-12-18 20:40:04,52.0488,20.446,20.97,96,33,8.19
164,Qui Nhon,VN,2022-12-18 20:40:05,13.7667,109.2333,68.77,87,100,20.58
165,Kattivakkam,IN,2022-12-18 20:40:05,13.2167,80.3167,77.09,71,84,10.47
166,Shimoda,JP,2022-12-18 20:40:05,34.6667,138.95,34.11,57,0,26.17
167,Gamba,GA,2022-12-18 20:40:06,-2.65,10.0,76.01,90,82,3.74
168,Olafsvik,IS,2022-12-18 20:40:06,64.8945,-23.7142,25.93,64,100,33.98
169,Boa Vista,BR,2022-12-18 20:40:06,2.8197,-60.6733,89.58,48,40,11.5
170,Antofagasta,CL,2022-12-18 20:36:04,-23.65,-70.4,70.88,69,3,6.15
171,Paamiut,GL,2022-12-18 20:40:07,61.994,-49.6678,17.26,57,10,11.34
172,Shelburne,CA,2022-12-18 20:40:07,44.0787,-80.2041,30.65,91,92,18.23
173,Vestmannaeyjar,IS,2022-12-18 20:40:08,63.4427,-20.2734,22.42,53,91,12.97
174,Nyurba,RU,2022-12-18 20:40:09,63.2842,118.3319,-44.61,100,97,4.32
175,Mahebourg,MU,2022-12-18 20:40:09,-20.4081,57.7,77.29,73,40,9.22
176,Bahia De Caraquez,EC,2022-12-18 20:40:10,-0.6,-80.4167,77.59,71,100,8.28
177,Namtsy,RU,2022-12-18 20:40:10,62.7161,129.6658,-31.76,99,100,1.57
178,Alofi,NU,2022-12-18 20:40:11,-19.0595,-169.9187,82.29,78,75,9.22
179,Yuzhno-Kurilsk,RU,2022-12-18 20:40:11,44.0306,145.8556,23.43,57,82,23.62
180,Carbonia,IT,2022-12-18 20:40:12,39.1672,8.5222,51.01,88,6,3.22
181,Faya,SA,2022-12-18 20:41:12,18.3851,42.4509,51.91,52,0,1.25
182,Ahipara,NZ,2022-12-18 20:41:12,-35.1667,173.1667,69.1,58,0,2.3
183,Henties Bay,NA,2022-12-18 20:41:13,-22.116,14.2845,62.74,93,10,4.83
184,Ola,RU,2022-12-18 20:41:13,59.5833,151.2833,0.09,90,19,10.09
185,Nuuk,GL,2022-12-18 20:41:14,64.1835,-51.7216,25.41,54,20,1.14
186,Kurilsk,RU,2022-12-18 20:41:14,45.2333,147.8833,25.88,61,100,38.88
187,Hobyo,SO,2022-12-18 20:41:14,5.3505,48.5268,78.08,73,48,17.13
188,Lorengau,PG,2022-12-18 20:41:15,-2.0226,147.2712,80.42,80,100,1.01
189,Touros,BR,2022-12-18 20:41:15,-5.1989,-35.4608,78.75,75,69,12.68
190,Gladstone,AU,2022-12-18 20:41:16,-23.85,151.25,69.73,68,93,6.91
191,Ketchikan,US,2022-12-18 20:41:16,55.3422,-131.6461,21.18,35,0,6.91
192,Torbay,CA,2022-12-18 20:41:16,47.6666,-52.7314,39.27,96,100,25.32
193,Kudahuvadhoo,MV,2022-12-18 20:41:17,2.6708,72.8944,81.01,70,28,4.38
194,Nanortalik,GL,2022-12-18 20:41:17,60.1432,-45.2371,20.14,75,75,6.24
195,Wanxian,CN,2022-12-18 20:41:18,30.8039,108.3897,40.62,70,0,2.1
196,Bhilai,IN,2022-12-18 20:41:18,21.2167,81.4333,58.62,32,76,2.42
197,Victoria,HK,2022-12-18 20:41:18,22.2855,114.1577,55.26,48,32,5.99
198,Atbasar,KZ,2022-12-18 20:41:19,51.8,68.3333,12.34,90,91,8.7
199,Byron Bay,AU,2022-12-18 20:37:28,-28.65,153.6167,63.72,73,100,13.6
200,Rawson,AR,2022-12-18 20:41:19,-43.3002,-65.1023,65.62,46,26,18.43
201,Belaya Gora,RU,2022-12-18 20:41:20,68.5333,146.4167,-10.32,97,100,1.83
202,Conroe,US,2022-12-18 20:41:20,30.3119,-95.456,58.86,37,0,8.05
203,East London,ZA,2022-12-18 20:41:21,-33.0153,27.9116,68.14,72,87,3.83
204,Otane,NZ,2022-12-18 20:41:21,-39.8833,176.6333,63.01,91,100,2.39
205,Waingapu,ID,2022-12-18 20:41:21,-9.6567,120.2641,77.67,80,99,5.06
206,Souillac,MU,2022-12-18 20:41:22,-20.5167,57.5167,77.38,73,40,9.22
207,Eydhafushi,MV,2022-12-18 20:41:22,5.1033,73.0708,80.98,72,41,6.58
208,Dunedin,NZ,2022-12-18 20:41:23,-45.8742,170.5036,55.8,75,100,5.99
209,Acari,PE,2022-12-18 20:41:23,-15.4311,-74.6158,77.34,64,100,9.06
210,Conceicao Do Araguaia,BR,2022-12-18 20:41:24,-8.2578,-49.2647,82.2,74,73,2.8
211,Cabedelo,BR,2022-12-18 20:41:24,-6.9811,-34.8339,83.07,64,59,10.67
212,Lahij,YE,2022-12-18 20:41:24,13.1667,44.5833,68.74,66,1,3.4
213,Alta Floresta,BR,2022-12-18 20:41:25,-9.8756,-56.0861,80.35,79,87,0.76
214,Tiksi,RU,2022-12-18 20:41:25,71.6872,128.8694,-21.3,98,100,6.76
215,Bogorodskoye,RU,2022-12-18 20:41:26,56.55,37.8833,1.81,98,77,5.91
216,Cavalcante,BR,2022-12-18 20:41:26,-13.7975,-47.4583,68.54,94,100,2.48
217,Tautira,PF,2022-12-18 20:41:27,-17.7333,-149.15,78.4,76,100,6.2
218,Madras,IN,2022-12-18 20:41:27,13.0878,80.2785,76.98,78,20,3.44
219,Viedma,AR,2022-12-18 20:41:28,-40.8135,-62.9967,80.38,38,86,11.25
220,Rio Grande,BR,2022-12-18 20:41:28,-32.035,-52.0986,73.51,66,100,20.38
221,Inta,RU,2022-12-18 20:41:28,66.0317,60.1659,-9.92,99,68,3.76
222,Winneba,GH,2022-12-18 20:41:29,5.3511,-0.6231,79.65,85,14,6.58
223,Imeni Poliny Osipenko,RU,2022-12-18 20:41:30,52.4201,136.4853,-8.91,96,100,8.61
224,Luanda,AO,2022-12-18 20:41:30,-8.8368,13.2343,78.8,73,0,6.91
225,Seymchan,RU,2022-12-18 20:42:30,62.8833,152.4333,-10.46,99,100,4.74
226,Ambon,ID,2022-12-18 20:42:31,-3.6954,128.1814,79.16,80,100,4.68
227,Praia Da Vitoria,PT,2022-12-18 20:42:31,38.7333,-27.0667,62.85,77,40,26.24
228,Denpasar,ID,2022-12-18 20:42:32,-8.65,115.2167,76.71,94,20,1.14
229,Kuala Perlis,MY,2022-12-18 20:42:32,6.4,100.1333,76.98,98,100,18.28
230,Sovetskiy,RU,2022-12-18 20:42:33,61.3614,63.5842,12.63,95,100,8.05
231,Cherskiy,RU,2022-12-18 20:42:33,68.75,161.3,16.38,80,100,4.29
232,Yulara,AU,2022-12-18 20:42:33,-25.2406,130.9889,70.23,54,0,6.55
233,Kaeo,NZ,2022-12-18 20:42:34,-35.1,173.7833,69.37,57,0,2.21
234,Andenes,NO,2022-12-18 20:42:34,69.3143,16.1194,28.92,80,100,6.91
235,Innisfail,AU,2022-12-18 20:42:35,-17.5333,146.0333,78.49,79,66,8.14
236,Darhan,MN,2022-12-18 20:42:35,49.4867,105.9228,-8.21,95,8,1.54
237,Vila Velha,BR,2022-12-18 20:42:36,-20.3297,-40.2925,78.75,78,100,5.75
238,Pitanga,BR,2022-12-18 20:42:36,-24.7572,-51.7614,65.39,92,100,0.69
239,Husavik,IS,2022-12-18 20:42:36,66.0449,-17.3389,19.74,80,100,16.53
240,Kuruman,ZA,2022-12-18 20:42:37,-27.4524,23.4325,75.99,37,24,7.16
241,Potamia,GR,2022-12-18 20:42:37,40.7163,24.7286,51.66,82,100,18.77
242,Paso De Los Toros,UY,2022-12-18 20:42:38,-32.8167,-56.5167,89.13,17,4,12.55
243,Mandalgovi,MN,2022-12-18 20:42:38,45.7625,106.2708,7.77,51,2,4.38
244,Jaisalmer,IN,2022-12-18 20:42:38,26.9147,70.9181,62.89,19,19,2.64
245,Medea,DZ,2022-12-18 20:42:39,36.2642,2.7539,48.02,70,0,5.17
246,Coihaique,CL,2022-12-18 20:42:39,-45.5752,-72.0662,63.21,45,40,9.22
247,Nome,US,2022-12-18 20:39:59,64.5011,-165.4064,17.67,41,0,10.36
248,Fairbanks,US,2022-12-18 20:42:40,64.8378,-147.7164,-29.24,72,0,0.0
249,Chokurdakh,RU,2022-12-18 20:42:40,70.6333,147.9167,-3.57,98,100,3.94
250,Adrar,MR,2022-12-18 20:42:41,20.5022,-10.0711,71.1,22,0,11.52
251,Kavieng,PG,2022-12-18 20:42:41,-2.5744,150.7967,81.28,75,100,3.44
252,Hofn,IS,2022-12-18 20:42:42,64.2539,-15.2082,20.89,70,98,24.74
253,Goes,NL,2022-12-18 20:42:42,51.5042,3.8889,34.03,94,100,5.99
254,Comodoro Rivadavia,AR,2022-12-18 20:42:42,-45.8667,-67.5,69.66,26,0,17.27
255,Isla Mujeres,MX,2022-12-18 20:42:43,21.2311,-86.731,80.65,68,56,7.36
256,Puerto Escondido,MX,2022-12-18 20:41:16,15.85,-97.0667,86.83,54,20,5.75
257,Barra Do Bugres,BR,2022-12-18 20:42:43,-15.0725,-57.1811,81.68,68,82,6.02
258,Ilulissat,GL,2022-12-18 20:42:44,69.2167,-51.1,26.62,33,92,17.27
259,Alamosa,US,2022-12-18 20:40:10,37.4695,-105.87,24.78,30,0,3.44
260,Perdoes,BR,2022-12-18 20:42:44,-21.0908,-45.0914,71.89,83,44,6.76
261,Namatanai,PG,2022-12-18 20:42:44,-3.6667,152.4333,79.83,78,100,2.28
262,Codrington,AU,2022-12-18 20:42:45,-38.2667,141.9667,53.31,78,1,12.33
263,Longyearbyen,SJ,2022-12-18 20:42:45,78.2186,15.6401,6.64,78,75,10.36
264,Bengkulu,ID,2022-12-18 20:42:46,-3.8004,102.2655,74.8,84,61,4.45
265,Ajaccio,FR,2022-12-18 20:42:46,42.0,8.9167,46.45,87,0,5.75
266,Sept-Iles,CA,2022-12-18 20:42:46,50.2001,-66.3821,32.43,80,100,9.22
267,Araguaina,BR,2022-12-18 20:42:47,-7.1911,-48.2072,79.02,80,100,3.42
268,Taltal,CL,2022-12-18 20:42:47,-25.4,-70.4833,69.1,71,23,4.09
269,Isla Vista,US,2022-12-18 20:43:47,34.4133,-119.861,66.25,62,0,6.91
270,Pacific Grove,US,2022-12-18 20:43:48,36.6177,-121.9166,59.23,61,0,11.01
271,Fortuna,US,2022-12-18 20:43:48,40.5982,-124.1573,48.97,75,0,3.44
272,Provideniya,RU,2022-12-18 20:43:49,64.3833,-173.3,28.51,69,75,20.13
273,Hay River,CA,2022-12-18 20:43:49,60.8156,-115.7999,-20.22,69,75,5.75
274,Boyolangu,ID,2022-12-18 20:43:49,-8.1181,111.8935,73.85,91,0,0.83
275,Severo-Kurilsk,RU,2022-12-18 20:43:50,50.6789,156.125,30.7,94,100,44.65
276,Saurimo,AO,2022-12-18 20:43:50,-9.6608,20.3916,64.76,98,100,3.29
277,Kampot,KH,2022-12-18 20:43:50,10.6167,104.1833,73.45,71,21,15.26
278,Ternate,ID,2022-12-18 20:43:51,0.8,127.4,76.96,87,100,2.3
279,Kropotkin,RU,2022-12-18 20:43:51,45.4375,40.5756,45.59,84,100,9.86
280,Palu,ID,2022-12-18 20:43:52,-0.8917,119.8707,73.76,94,100,2.37
281,Bethel,US,2022-12-18 20:43:52,41.3712,-73.414,39.29,58,20,10.36
282,Xam Nua,LA,2022-12-18 20:43:52,20.4197,104.0439,39.47,68,38,1.43
283,Severnoye,RU,2022-12-18 20:43:53,56.3491,78.3619,1.31,97,98,5.19
284,Verkhnyaya Toyma,RU,2022-12-18 20:43:53,62.2349,44.9985,-7.42,100,34,2.84
285,Beloha,MG,2022-12-18 20:43:53,-25.1667,45.05,73.72,88,83,5.77
286,Tateyama,JP,2022-12-18 20:43:54,34.9833,139.8667,43.11,57,4,24.9
287,Casa Grande,US,2022-12-18 20:43:54,32.8795,-111.7573,62.24,39,40,5.75
288,Sumenep,ID,2022-12-18 20:43:55,-7.0167,113.8667,79.38,77,17,1.19
289,Aklavik,CA,2022-12-18 20:42:22,68.2191,-135.0107,-16.6,76,75,3.44
290,Puerto Del Rosario,ES,2022-12-18 20:43:55,28.5004,-13.8627,67.75,77,20,3.44
291,Manaure,CO,2022-12-18 20:43:55,11.7751,-72.4445,84.02,54,1,19.33
292,Minchinabad,PK,2022-12-18 20:43:56,30.163,73.5685,58.57,29,0,0.6
293,Lasa,IT,2022-12-18 20:43:56,46.6166,10.7002,25.68,36,20,2.15
294,Sompeta,IN,2022-12-18 20:43:57,18.9333,84.6,66.96,58,74,4.83
295,Cayenne,GF,2022-12-18 20:43:57,4.9333,-52.3333,80.64,74,75,11.5
296,Queimadas,BR,2022-12-18 20:43:57,-10.9783,-39.6264,83.53,52,36,10.18
297,Geraldton,AU,2022-12-18 20:39:11,-28.7667,114.6,66.61,48,0,8.05
298,Ostrovnoy,RU,2022-12-18 20:43:58,68.0531,39.5131,13.15,97,93,10.47
299,Quelimane,MZ,2022-12-18 20:43:58,-17.8786,36.8883,84.15,70,75,5.75
300,Havre-Saint-Pierre,CA,2022-12-18 20:43:59,50.2334,-63.5986,35.6,80,100,16.11
301,Shellbrook,CA,2022-12-18 20:41:37,53.2168,-106.4011,-8.37,91,100,9.66
302,Chany,RU,2022-12-18 20:43:59,55.3121,76.7647,8.73,93,100,6.91
303,Saint-Augustin,CA,2022-12-18 20:44:00,51.226,-58.6502,34.68,95,100,22.24
304,Meulaboh,ID,2022-12-18 20:44:00,4.1363,96.1285,75.24,90,98,5.35
305,Key Largo,US,2022-12-18 20:39:58,25.0865,-80.4473,78.8,80,65,7.18
306,Gaya,IN,2022-12-18 20:44:01,24.7833,85.0,53.31,49,82,4.83
307,Piacabucu,BR,2022-12-18 20:44:01,-10.4056,-36.4344,78.22,74,49,10.38
308,Samana,DO,2022-12-18 20:44:01,19.2056,-69.3369,84.42,74,20,11.5
309,Luderitz,NA,2022-12-18 20:44:02,-26.6481,15.1594,66.58,81,0,17.67
310,Atambua,ID,2022-12-18 20:44:02,-9.1061,124.8925,72.84,84,100,2.46
311,Chincholi,IN,2022-12-18 20:44:02,17.4667,77.4333,64.09,46,70,5.59
312,Cardoso,BR,2022-12-18 20:44:03,-20.0819,-49.9142,85.23,53,90,2.17
313,Padang,ID,2022-12-18 20:44:03,-0.9492,100.3543,75.9,80,93,4.09
314,Yerbogachen,RU,2022-12-18 20:44:04,61.2767,108.0108,-12.66,98,100,4.18
315,Bismil,TR,2022-12-18 20:44:04,37.8486,40.6658,42.91,55,3,0.78
316,Nagato,JP,2022-12-18 20:44:05,34.3833,131.2,38.66,61,100,23.55
317,Kuala Terengganu,MY,2022-12-18 20:45:05,5.3302,103.1408,81.99,83,40,11.99
318,Haines Junction,CA,2022-12-18 20:45:06,60.7522,-137.5108,-38.25,67,98,1.14
319,Mount Gambier,AU,2022-12-18 20:45:06,-37.8333,140.7667,54.73,73,0,9.22
320,Front Royal,US,2022-12-18 20:41:50,38.9182,-78.1944,38.59,55,100,10.0
321,Luwuk,ID,2022-12-18 20:45:07,-0.9516,122.7875,77.72,84,100,1.36
322,Ondjiva,AO,2022-12-18 20:45:07,-17.0667,15.7333,83.88,26,96,12.17
323,Penzance,GB,2022-12-18 20:45:07,50.1186,-5.5371,56.08,93,100,35.01
324,Port Hawkesbury,CA,2022-12-18 20:45:08,45.6169,-61.3485,38.91,98,100,9.22
325,Xiangxiang,CN,2022-12-18 20:45:08,27.7333,112.5333,38.21,32,49,2.66
326,Qaqortoq,GL,2022-12-18 20:44:18,60.7167,-46.0333,8.51,63,11,8.55
327,Vikulovo,RU,2022-12-18 20:45:09,56.8167,70.6107,19.54,95,100,14.61
328,Santiago Del Estero,AR,2022-12-18 20:45:09,-27.7951,-64.2615,88.77,24,0,5.5
329,Marapanim,BR,2022-12-18 20:45:10,-0.7175,-47.6997,78.17,85,34,5.91
330,Acarau,BR,2022-12-18 20:45:10,-2.8856,-40.12,80.17,71,80,16.98
331,Angoche,MZ,2022-12-18 20:45:10,-16.2325,39.9086,76.84,86,100,9.89
332,Axim,GH,2022-12-18 20:45:11,4.8699,-2.2405,79.7,84,23,6.17
333,Domoni,KM,2022-12-18 20:45:11,-12.2569,44.5319,79.27,86,15,7.81
334,Guerrero Negro,MX,2022-12-18 20:45:11,27.9769,-114.0611,66.74,42,1,11.92
335,Amboise,FR,2022-12-18 20:45:12,47.4125,0.9827,45.14,81,100,8.05
336,Nogliki,RU,2022-12-18 20:45:12,51.8333,143.1667,-6.68,98,100,9.26
337,Lahat,ID,2022-12-18 20:45:13,-3.8,103.5333,72.5,95,91,2.17
338,Bosansko Grahovo,BA,2022-12-18 20:45:13,44.1794,16.3639,29.8,87,10,5.53
339,Muravlenko,RU,2022-12-18 20:45:14,63.7898,74.523,-0.44,94,13,10.33
340,Nago,JP,2022-12-18 20:45:14,26.5881,127.9761,57.63,68,100,11.45
341,Akdepe,TM,2022-12-18 20:45:15,42.0551,59.3788,23.09,38,7,8.41
342,Beringovskiy,RU,2022-12-18 20:45:15,63.05,179.3167,31.55,81,99,21.45
343,Sola,VU,2022-12-18 20:45:16,-13.8833,167.55,74.07,94,15,0.0
344,Bambous Virieux,MU,2022-12-18 20:45:16,-20.3428,57.7575,77.25,73,40,9.22
345,La Baule-Escoublac,FR,2022-12-18 20:45:16,47.2922,-2.364,51.46,90,0,13.8
346,San Policarpo,PH,2022-12-18 20:45:17,12.1791,125.5072,79.86,84,100,17.16
347,Ayan,RU,2022-12-18 20:45:17,56.45,138.1667,-10.95,92,100,17.6
348,Sai Buri,TH,2022-12-18 20:45:18,6.7013,101.6168,76.93,87,100,21.47
349,Wick,GB,2022-12-18 20:45:18,58.4333,-3.0833,42.85,87,100,33.38
350,Ostersund,SE,2022-12-18 20:45:18,63.1792,14.6357,25.25,93,0,11.5
351,Coos Bay,US,2022-12-18 20:45:19,43.3665,-124.2179,48.24,71,100,8.05
352,Kargasok,RU,2022-12-18 20:45:20,59.0556,80.8572,1.85,95,31,10.0
353,Xai-Xai,MZ,2022-12-18 20:45:20,-25.0519,33.6442,76.91,80,79,11.63
354,Vallenar,CL,2022-12-18 20:45:20,-28.5708,-70.7581,82.08,33,0,9.8
355,Harper,LR,2022-12-18 20:45:21,4.375,-7.7169,79.07,80,19,6.08
356,Selishche,RU,2022-12-18 20:45:21,56.8879,33.2691,7.32,98,58,6.22
357,Paka,MY,2022-12-18 20:45:21,4.6374,103.4368,71.53,100,100,6.91
358,Prince Rupert,CA,2022-12-18 20:45:22,54.3161,-130.3201,20.89,35,0,17.27
359,Fayaoue,NC,2022-12-18 20:46:23,-20.65,166.5333,80.2,74,0,9.06
360,Kasama,ZM,2022-12-18 20:46:23,-10.2129,31.1808,64.78,91,98,2.77
361,Ambilobe,MG,2022-12-18 20:46:24,-13.2,49.05,74.39,84,20,3.13
362,Maloy,NO,2022-12-18 20:46:24,61.9353,5.1136,35.33,69,100,11.39
363,Shingu,JP,2022-12-18 20:46:24,33.7333,135.9833,34.54,73,3,8.32
364,Aykhal,RU,2022-12-18 20:46:25,66.0,111.5,-28.46,100,86,3.6
365,Los Llanos De Aridane,ES,2022-12-18 20:46:25,28.6585,-17.9182,64.15,86,20,8.05
366,Medvedka,RU,2022-12-18 20:46:26,61.1629,46.387,7.93,96,100,6.89
367,Vreden,DE,2022-12-18 20:46:26,52.0379,6.828,34.12,65,100,4.0
368,Omsukchan,RU,2022-12-18 20:46:27,62.5333,155.8,9.09,96,100,7.4
369,Bonavista,CA,2022-12-18 20:46:27,48.6499,-53.1147,36.95,88,100,25.37
370,Hasaki,JP,2022-12-18 20:46:28,35.7333,140.8333,30.6,32,1,9.78
371,Lawton,US,2022-12-18 20:45:59,34.6087,-98.3903,53.51,37,75,17.27
372,Preobrazheniye,RU,2022-12-18 20:46:28,42.9019,133.9064,0.1,75,2,9.22
373,Rosendal,NO,2022-12-18 20:46:29,59.9867,6.0135,37.74,85,100,8.86
374,Huanren,CN,2022-12-18 20:46:29,41.2647,125.3667,-0.04,78,0,1.95
375,Roebourne,AU,2022-12-18 20:46:30,-20.7833,117.1333,76.35,75,50,9.19
376,Aasiaat,GL,2022-12-18 20:46:30,68.7098,-52.8699,7.61,78,97,9.46
377,Goderich,CA,2022-12-18 20:46:30,43.7501,-81.7165,34.92,75,100,20.71
378,Okhotsk,RU,2022-12-18 20:46:31,59.3833,143.3,10.18,90,100,8.66
379,Taoudenni,ML,2022-12-18 20:46:32,22.6783,-3.9836,72.79,21,0,11.18
380,Kieta,PG,2022-12-18 20:46:32,-6.2167,155.6333,80.62,80,90,2.26
381,Marica,BR,2022-12-18 20:46:32,-22.9194,-42.8186,75.15,80,81,12.39
382,Egvekinot,RU,2022-12-18 20:46:33,66.3167,-179.1667,18.1,56,100,7.76
383,Lastoursville,GA,2022-12-18 20:46:33,-0.8143,12.7287,73.22,93,100,1.39
384,Ngunguru,NZ,2022-12-18 20:46:34,-35.6167,174.5,66.02,70,4,1.92
385,Saulkrasti,LV,2022-12-18 20:46:34,57.2622,24.4147,30.15,90,100,21.16
386,Pandan Niog,PH,2022-12-18 20:46:35,6.2282,120.5631,82.4,78,91,14.9
387,Vicente Guerrero,MX,2022-12-18 20:46:35,19.1194,-98.1708,67.57,34,76,10.8
388,Trenggalek,ID,2022-12-18 20:46:36,-8.05,111.7167,73.76,91,0,0.85
389,Tangua,BR,2022-12-18 20:46:37,-22.7303,-42.7142,71.08,88,100,4.47
390,Lima,PE,2022-12-18 20:42:15,-12.0432,-77.0282,73.65,69,20,16.11
391,Emerald,AU,2022-12-18 20:46:37,-23.5333,148.1667,67.33,82,13,16.11
392,Gornopravdinsk,RU,2022-12-18 20:46:37,60.05,69.9,11.97,90,100,7.02
393,Batagay,RU,2022-12-18 20:46:38,67.6333,134.6333,-30.95,94,100,1.23
394,Nizhniy Odes,RU,2022-12-18 20:46:39,63.6445,54.856,0.77,98,100,5.21
395,Port Blair,IN,2022-12-18 20:46:39,11.6667,92.75,80.64,69,40,11.5
396,Coari,BR,2022-12-18 20:46:39,-4.085,-63.1414,79.68,88,83,4.05
397,Pemangkat,ID,2022-12-18 20:46:40,1.1667,108.9667,76.42,87,94,5.1
398,Faanui,PF,2022-12-18 20:46:40,-16.4833,-151.75,79.88,74,100,9.57
399,Chimoio,MZ,2022-12-18 20:46:40,-19.1164,33.4833,71.46,100,75,3.31
400,Okha,RU,2022-12-18 20:46:41,53.5739,142.9478,-3.23,92,100,16.24
401,Helena,US,2022-12-18 20:47:41,46.5927,-112.0361,4.82,60,0,6.91
402,Sabang,ID,2022-12-18 20:47:42,5.8933,95.3214,77.86,86,100,16.42
403,Beian,NO,2022-12-18 20:47:42,63.6559,9.5683,37.0,69,75,20.71
404,Dourados,BR,2022-12-18 20:47:42,-22.2211,-54.8056,66.78,95,100,3.71
405,Puerto Ayacucho,VE,2022-12-18 20:47:43,5.6639,-67.6236,85.01,63,72,8.55
406,Tuatapere,NZ,2022-12-18 20:47:43,-46.1333,167.6833,52.12,83,97,1.41
407,Cairns,AU,2022-12-18 20:47:43,-16.9167,145.7667,79.07,94,75,6.91
408,Tereze,RU,2022-12-18 20:47:44,43.9361,42.4434,41.36,52,94,1.41
409,Penco,CL,2022-12-18 20:46:35,-36.7333,-72.9833,68.85,56,0,11.5
410,Hambantota,LK,2022-12-18 20:43:31,6.1241,81.1185,74.89,88,100,12.57
411,Lafia,NG,2022-12-18 20:47:44,8.4833,8.5167,80.28,19,100,3.51
412,Coquimbo,CL,2022-12-18 20:47:45,-29.9533,-71.3436,67.73,68,20,12.66
413,Savonlinna,FI,2022-12-18 20:47:45,61.8699,28.88,30.25,93,100,9.22
414,Ibague,CO,2022-12-18 20:47:46,4.4389,-75.2322,75.11,65,75,12.66
415,Ortakoy,TR,2022-12-18 20:47:46,38.7373,34.0387,37.65,77,30,1.5
416,Saravan,AM,2022-12-18 20:47:47,39.7196,45.6483,31.73,46,11,5.88
417,Talnakh,RU,2022-12-18 20:47:47,69.4865,88.3972,-7.8,97,100,3.15
418,Piripiri,BR,2022-12-18 20:47:47,-4.2733,-41.7769,85.8,46,92,6.17
419,Cohoes,US,2022-12-18 20:47:48,42.7742,-73.7001,35.85,69,75,10.36
420,Lata,PT,2022-12-18 20:47:48,40.1629,-8.3327,52.79,82,100,8.59
421,Russell,US,2022-12-18 20:45:10,32.3502,-85.1999,52.75,26,0,11.5
422,Kuragino,RU,2022-12-18 20:47:49,53.8975,92.6725,-5.53,97,100,1.41
423,College,US,2022-12-18 20:47:49,64.8569,-147.8028,-29.25,72,20,0.0
424,Nichinan,JP,2022-12-18 20:47:50,31.6,131.3667,36.9,80,9,6.08
425,Sao Miguel Do Araguaia,BR,2022-12-18 20:47:50,-13.275,-50.1628,72.46,93,99,4.38
426,Kokopo,PG,2022-12-18 20:47:50,-4.352,152.2633,77.41,84,100,3.22
427,Seoul,KR,2022-12-18 20:47:51,37.5683,126.9778,10.0,70,0,1.14
428,Sokolka,PL,2022-12-18 20:43:31,53.4072,23.5023,14.68,96,56,6.58
429,Baghdad,IQ,2022-12-18 20:47:51,33.3406,44.4009,51.71,71,0,4.61
430,Broome,US,2022-12-18 20:47:52,42.2506,-75.833,32.63,81,100,9.22
431,Morant Bay,JM,2022-12-18 20:47:52,17.8815,-76.4093,83.82,70,2,10.18
432,Awbari,LY,2022-12-18 20:47:52,26.5921,12.7805,62.37,37,0,6.85
433,Banda Aceh,ID,2022-12-18 20:47:53,5.5577,95.3222,75.79,87,100,7.18
434,Muyezerskiy,RU,2022-12-18 20:47:53,63.9333,31.65,18.88,97,99,6.64
435,Bandarbeyla,SO,2022-12-18 20:47:54,9.4942,50.8122,74.82,65,17,17.45
436,Kisangani,CD,2022-12-18 20:47:54,0.5167,25.2,70.25,97,100,2.71
437,Minot,US,2022-12-18 20:45:54,48.2325,-101.2963,-1.98,71,100,5.75
438,Bad Bevensen,DE,2022-12-18 20:47:55,53.0833,10.5833,26.19,54,100,10.29
439,Namibe,AO,2022-12-18 20:47:55,-15.1961,12.1522,70.48,76,71,8.39
440,Lagoa,PT,2022-12-18 20:47:55,39.05,-27.9833,60.1,88,73,30.09
441,La Asuncion,VE,2022-12-18 20:47:56,11.0333,-63.8628,83.93,74,94,19.57
442,Sault Sainte Marie,CA,2022-12-18 20:47:17,46.5168,-84.3333,30.76,89,100,24.16
443,Batemans Bay,AU,2022-12-18 20:47:56,-35.7167,150.1833,60.1,60,98,10.0
444,Mulege,MX,2022-12-18 20:45:25,26.8833,-111.9833,67.44,45,47,7.07
445,San Patricio,US,2022-12-18 20:47:57,28.017,-97.5169,58.84,52,100,12.86
446,Bujaru,BR,2022-12-18 20:48:57,-1.515,-48.0447,77.14,91,42,2.62
447,Porosozero,RU,2022-12-18 20:48:58,62.7191,32.727,18.36,96,100,7.2
448,Micomeseng,GQ,2022-12-18 20:48:58,2.1462,10.6164,69.39,98,93,2.28
449,Zhangye,CN,2022-12-18 20:48:59,38.9342,100.4517,10.74,73,84,1.41
450,Narasannapeta,IN,2022-12-18 20:48:59,18.4167,84.05,65.01,66,77,5.88
451,Benghazi,LY,2022-12-18 20:48:59,32.1167,20.0667,67.71,69,0,9.51
452,Brumado,BR,2022-12-18 20:49:00,-14.2036,-41.6653,75.72,82,81,5.35
453,Vardo,NO,2022-12-18 20:49:00,70.3705,31.1107,19.38,93,40,16.11
454,Inhambane,MZ,2022-12-18 20:49:01,-23.865,35.3833,76.26,91,100,5.91
455,Hornepayne,CA,2022-12-18 20:49:01,49.2138,-84.7705,14.92,93,100,9.95
456,Shambu,ET,2022-12-18 20:49:01,9.5667,37.1,53.8,71,100,1.48
457,Muriwai Beach,NZ,2022-12-18 20:49:02,-36.8167,174.45,69.76,66,4,4.34
458,Ewa Beach,US,2022-12-18 20:49:02,21.3156,-158.0072,69.75,91,100,8.05
459,Tokur,RU,2022-12-18 20:49:03,53.1333,132.9,-21.06,99,100,2.21
460,Sur,OM,2022-12-18 20:49:03,22.5667,59.5289,73.8,60,5,7.05
461,Manzanillo,CU,2022-12-18 20:49:03,20.3433,-77.1167,83.05,46,3,9.08
462,Esperance,AU,2022-12-18 20:49:04,-33.8667,121.9,57.24,91,0,8.23
463,Mackay,AU,2022-12-18 20:45:56,-21.15,149.2,73.69,57,98,17.87
464,Kloulklubed,PW,2022-12-18 20:49:04,7.0419,134.2556,77.5,87,100,15.7
465,Huarmey,PE,2022-12-18 20:49:05,-10.0681,-78.1522,73.26,74,84,9.35
466,Alugan,PH,2022-12-18 20:49:05,12.2188,125.4808,79.38,85,100,16.42
467,Craig,US,2022-12-18 20:49:05,40.5153,-107.5464,22.62,78,0,3.44
468,Novaya Bryan,RU,2022-12-18 20:49:06,51.7159,108.2691,-0.2,97,100,3.78
469,Lazaro Cardenas,MX,2022-12-18 20:49:06,17.9583,-102.2,81.16,56,72,7.31
470,Oum Hadjer,TD,2022-12-18 20:49:07,13.2954,19.6966,74.23,18,69,9.24
471,Cabo San Lucas,MX,2022-12-18 20:47:26,22.8909,-109.9124,75.61,69,72,1.01
472,Richards Bay,ZA,2022-12-18 20:49:07,-28.783,32.0377,71.65,75,79,9.53
473,Poum,NC,2022-12-18 20:49:08,-20.2333,164.0167,79.74,75,50,5.93
474,Colon,PA,2022-12-18 20:49:08,9.3592,-79.9014,81.39,74,100,13.24
475,Karratha,AU,2022-12-18 20:49:09,-20.7377,116.8463,76.08,76,15,9.55
476,Port Lincoln,AU,2022-12-18 20:49:09,-34.7333,135.8667,68.22,61,82,16.53
477,Marshfield,US,2022-12-18 20:49:09,44.6689,-90.1718,12.18,78,75,11.5
478,Marsh Harbour,BS,2022-12-18 20:49:10,26.5412,-77.0636,75.16,79,12,13.87
479,Yantzaza,EC,2022-12-18 20:49:10,-3.8278,-78.7594,76.17,92,100,1.45
480,Skaerbaek,DK,2022-12-18 20:49:11,55.1573,8.769,30.47,74,100,15.77
481,Benjamin Constant,BR,2022-12-18 20:49:11,-4.3831,-70.0311,75.33,94,75,2.3
482,Nouakchott,MR,2022-12-18 20:49:11,18.0858,-15.9785,75.13,28,3,10.38
483,Emilio Carranza,MX,2022-12-18 20:49:12,19.9711,-96.6114,72.45,72,85,10.47
484,Yelan-Kolenovskiy,RU,2022-12-18 20:49:12,51.1632,41.151,27.59,81,99,13.73
485,Severodvinsk,RU,2022-12-18 20:45:54,64.5635,39.8302,17.71,97,74,4.29
486,Bathsheba,BB,2022-12-18 20:49:13,13.2167,-59.5167,83.01,85,20,20.71
487,Bud,US,2022-12-18 20:49:13,39.447,-86.1758,33.75,60,5,11.68
488,Bambanglipuro,ID,2022-12-18 20:49:14,-7.95,110.2833,74.66,89,1,3.11
489,Safford,US,2022-12-18 20:49:14,32.834,-109.7076,50.11,40,40,8.05
490,Verkhoyansk,RU,2022-12-18 20:49:14,67.5447,133.385,-27.26,93,100,0.69
491,Urumqi,CN,2022-12-18 20:50:15,43.801,87.6005,9.55,85,75,4.47
492,Dickinson,US,2022-12-18 20:50:15,29.4608,-95.0513,56.16,45,0,11.5
493,Shuangyang,CN,2022-12-18 20:50:16,43.5242,125.6736,-2.31,77,0,5.86
494,Skjervoy,NO,2022-12-18 20:50:16,70.0311,20.9714,17.6,71,100,12.48
495,Palamos,ES,2022-12-18 20:50:17,41.8484,3.1291,57.11,51,51,5.01
496,Diamantino,BR,2022-12-18 20:50:17,-14.4086,-56.4461,78.24,76,84,3.76
497,Ossora,RU,2022-12-18 20:50:17,59.2353,163.0719,32.86,99,100,14.09
498,Hays,US,2022-12-18 20:50:18,30.0502,-98.0336,53.67,32,100,4.0
499,Kakching,IN,2022-12-18 20:50:18,24.4833,93.9833,54.16,79,93,0.76
500,Flin Flon,CA,2022-12-18 20:45:50,54.7682,-101.865,-11.36,64,75,5.75
501,Opuwo,NA,2022-12-18 20:50:19,-18.0607,13.84,68.34,40,2,7.72
502,Khandyga,RU,2022-12-18 20:50:19,62.6667,135.6,-33.86,96,100,1.86
503,Hami,CN,2022-12-18 20:50:19,42.8,93.45,17.62,41,93,3.36
504,Havelock,US,2022-12-18 20:50:20,34.8791,-76.9013,53.55,43,0,13.8
505,Ust-Karsk,RU,2022-12-18 20:50:20,52.7011,118.8077,-33.77,100,38,2.21
506,La Libertad,EC,2022-12-18 20:50:21,-2.2333,-80.9,76.66,78,40,14.97
507,Zanjan,IR,2022-12-18 20:50:21,36.6736,48.4787,38.01,76,0,2.3
508,Kalevala,RU,2022-12-18 20:50:21,65.2,31.1667,18.79,95,100,6.11
509,Great Falls,US,2022-12-18 20:50:22,47.5002,-111.3008,-0.33,75,100,6.91
510,Cozumel,MX,2022-12-18 20:50:22,20.5083,-86.9458,83.07,77,12,8.99
511,Calbuco,CL,2022-12-18 20:50:23,-41.768,-73.1273,65.41,62,100,11.34
512,Lexington,US,2022-12-18 20:46:33,37.9887,-84.4777,38.41,50,0,9.22
513,Smirnykh,RU,2022-12-18 20:50:23,49.75,142.8333,-2.27,93,95,6.64
514,Tura,IN,2022-12-18 20:50:23,25.5198,90.2201,59.31,82,58,3.04
515,Mezen,RU,2022-12-18 20:50:24,65.8522,44.24,14.07,96,97,6.31
516,Puerto Colombia,CO,2022-12-18 20:50:24,10.9878,-74.9547,87.89,76,11,16.06
517,Newberry,US,2022-12-18 20:50:25,34.2746,-81.6187,53.35,41,0,5.17
518,Tuy Hoa,VN,2022-12-18 20:50:25,13.0833,109.3,69.4,87,100,18.54
519,Malanje,AO,2022-12-18 20:50:26,-9.5402,16.341,62.42,79,77,4.36
520,Sao Joao Da Barra,BR,2022-12-18 20:50:26,-21.6403,-41.0511,77.09,89,80,12.5
521,Luganville,VU,2022-12-18 20:50:26,-15.5333,167.1667,83.44,63,7,7.23
522,Kuusamo,FI,2022-12-18 20:50:27,65.9667,29.1833,21.24,93,100,12.66
523,Vilhena,BR,2022-12-18 20:50:27,-12.7406,-60.1458,73.62,88,75,5.75
524,Armeria,MX,2022-12-18 20:50:28,18.9333,-103.9667,81.39,56,60,6.55
525,Surskoye,RU,2022-12-18 20:50:28,54.4821,46.7214,26.69,90,100,12.55
526,Laguna,US,2022-12-18 20:50:28,38.421,-121.4238,54.18,100,100,4.61
527,Teahupoo,PF,2022-12-18 20:50:29,-17.8333,-149.2667,78.76,76,100,6.58
528,Sungairaya,ID,2022-12-18 20:50:29,0.7,108.9,76.19,90,96,3.44
529,Ladario,BR,2022-12-18 20:50:30,-19.0047,-57.6017,79.09,73,75,14.97
530,Orsha,BY,2022-12-18 20:50:30,54.5153,30.4053,7.56,97,45,6.69
531,Bubaque,GW,2022-12-18 20:50:30,11.2833,-15.8333,81.95,67,2,12.37
532,Poptun,GT,2022-12-18 20:50:31,16.3311,-89.4169,74.19,92,28,1.39
533,Rio Cuarto,AR,2022-12-18 20:49:05,-33.1307,-64.3499,84.33,21,40,13.8
534,Macheng,CN,2022-12-18 20:50:31,31.1783,115.0319,32.38,34,0,3.53
535,Kerema,PG,2022-12-18 20:50:32,-7.9631,145.7785,79.0,82,84,2.1
536,Xuanhua,CN,2022-12-18 20:50:32,40.6103,115.0447,16.2,51,0,2.64
537,Aliwal North,ZA,2022-12-18 20:50:33,-30.6937,26.7114,63.99,72,3,8.25
538,Otyniya,UA,2022-12-18 20:50:33,48.7377,24.8611,21.43,83,7,5.08
539,Alekseyevsk,RU,2022-12-18 20:50:33,57.8406,108.3492,-8.41,98,100,2.82
540,George,ZA,2022-12-18 20:51:34,-33.963,22.4617,63.95,94,75,2.3
541,Castelvetrano,IT,2022-12-18 20:51:34,37.6826,12.7916,54.73,98,0,6.87
542,San Rafael,AR,2022-12-18 20:51:35,-34.6177,-68.3301,88.57,20,2,12.37
543,Inverness,GB,2022-12-18 20:51:35,57.4791,-4.224,39.11,83,75,19.57
544,Acapulco,MX,2022-12-18 20:47:55,16.8634,-99.8901,83.08,49,100,6.04
545,Xining,CN,2022-12-18 20:51:36,36.6167,101.7667,11.84,62,21,2.39
546,Ulladulla,AU,2022-12-18 20:51:36,-35.35,150.4667,58.55,66,100,11.99
547,Borogontsy,RU,2022-12-18 20:51:36,62.6683,131.1683,-34.2,98,100,1.88
548,Vao,NC,2022-12-18 20:51:37,-22.6667,167.4833,78.93,64,23,7.61
549,Marystown,CA,2022-12-18 20:51:37,47.1666,-55.1483,38.28,95,100,23.91
550,Ribeira Brava,PT,2022-12-18 20:51:37,32.65,-17.0667,70.0,87,100,9.44
551,Atakpame,TG,2022-12-18 20:51:38,7.5333,1.1333,81.7,58,82,5.28
552,Kampong Chhnang,KH,2022-12-18 20:51:38,12.1667,104.55,65.37,73,82,9.6
553,Lugovoy,KZ,2022-12-18 20:51:39,42.9472,72.7644,20.23,82,9,2.46
554,Sayyan,YE,2022-12-18 20:51:39,15.1718,44.3244,44.24,55,0,5.01
555,Sibolga,ID,2022-12-18 20:51:39,1.7427,98.7792,75.29,89,100,3.13
556,Teyateyaneng,LS,2022-12-18 20:51:40,-29.1472,27.7489,64.9,52,66,1.34
557,Tyukhtet,RU,2022-12-18 20:51:40,56.5389,89.3011,3.78,91,100,14.85
558,Lucea,JM,2022-12-18 20:51:40,18.451,-78.1736,82.26,73,7,8.63
559,Mysliborz,PL,2022-12-18 20:51:41,52.9238,14.8679,23.05,76,100,11.74
560,Pascagoula,US,2022-12-18 20:51:41,30.3658,-88.5561,56.12,35,0,11.5
561,Tigil,RU,2022-12-18 20:51:42,57.8,158.6667,-1.57,100,91,0.89
562,Mercedes,AR,2022-12-18 20:51:42,-34.6515,-59.4307,84.85,18,34,13.71
563,Stutterheim,ZA,2022-12-18 20:51:42,-32.5708,27.424,58.28,96,100,1.88
564,Northam,GB,2022-12-18 20:51:43,51.0333,-4.2167,55.62,97,100,23.89
565,Gizo,SB,2022-12-18 20:51:43,-8.103,156.8419,82.65,73,89,6.96
566,Capreol,CA,2022-12-18 20:51:43,46.706,-80.9225,30.54,93,100,6.91
567,Necochea,AR,2022-12-18 20:51:44,-38.5473,-58.7368,83.3,31,71,11.43
568,Vostok,RU,2022-12-18 20:51:44,46.4856,135.8833,-13.83,98,100,4.21
569,Praia,CV,2022-12-18 20:50:37,14.9215,-23.5087,75.74,64,0,16.11
570,Alyangula,AU,2022-12-18 20:51:45,-13.8483,136.4192,82.8,75,97,5.99
571,Hualmay,PE,2022-12-18 20:51:45,-11.0964,-77.6139,72.88,73,99,8.46
572,Bati,ET,2022-12-18 20:51:45,11.1833,40.0167,59.16,58,25,4.81
